{
  "results": [
    {
      "command": "ritalin init -o bench && ritalin add \"x\" --proof true --kind other && ritalin prove O-001 && ritalin gate",
      "mean": 0.015777145410882362,
      "stddev": 0.0011085354261065902,
      "median": 0.015615303080000002,
      "user": 0.006895096764705884,
      "system": 0.006319830882352942,
      "min": 0.013929990080000003,
      "max": 0.020722782080000002,
      "times": [
        0.015424240080000002,
        0.016285741080000003,
        0.016150615080000003,
        0.01603582408,
        0.01565782408,
        0.01522082408,
        0.015448365080000002,
        0.015652033080000002,
        0.01566736608,
        0.016260574080000003,
        0.01600574008,
        0.015585824080000001,
        0.020600074080000003,
        0.020457782080000004,
        0.017092032080000003,
        0.01491949008,
        0.01514665708,
        0.015106824080000001,
        0.015440241080000004,
        0.01429082408,
        0.01437328208,
        0.01496886608,
        0.015120949080000001,
        0.015106616080000003,
        0.01532353208,
        0.014695866080000002,
        0.014674741080000001,
        0.015401157080000002,
        0.015986991080000002,
        0.015188616080000002,
        0.016106824080000002,
        0.015851615080000003,
        0.015744490080000003,
        0.01606132408,
        0.01589303308,
        0.015360824080000002,
        0.015551783080000003,
        0.01632082408,
        0.014963783080000001,
        0.015589699080000002,
        0.014873783080000001,
        0.020270449080000003,
        0.016081240080000003,
        0.015761199080000003,
        0.016713824080000002,
        0.015774199080000002,
        0.016412199080000002,
        0.015924199080000003,
        0.015558949080000002,
        0.015413282080000004,
        0.015089824080000001,
        0.015271158080000003,
        0.015032865080000003,
        0.01526103208,
        0.015925532080000002,
        0.014645949080000002,
        0.015054241080000003,
        0.015164907080000001,
        0.01583286508,
        0.017194240080000003,
        0.015097824080000002,
        0.015220449080000004,
        0.01543503308,
        0.013929990080000003,
        0.014771699080000002,
        0.01482636508,
        0.015324532080000001,
        0.01553036508,
        0.014490282080000003,
        0.015926824080000002,
        0.01665419908,
        0.015087240080000001,
        0.01578553308,
        0.014405740080000003,
        0.01574236608,
        0.015145449080000001,
        0.014974491080000003,
        0.020722782080000002,
        0.016117324080000002,
        0.01636207408,
        0.015770574080000002,
        0.01575686608,
        0.01567403208,
        0.016258657080000002,
        0.01581494908,
        0.014675783080000001,
        0.014869991080000002,
        0.015530074080000001,
        0.01618336608,
        0.015164241080000002,
        0.016033616080000004,
        0.015819990080000002,
        0.016149574080000003,
        0.015511824080000004,
        0.014826241080000004,
        0.01528749008,
        0.015031866080000001,
        0.015159949080000002,
        0.01566036608,
        0.016226324080000003,
        0.016096574080000002,
        0.015501408080000001,
        0.01581286608,
        0.014212074080000001,
        0.017121574080000004,
        0.018246616080000003,
        0.015987782080000002,
        0.016398949080000003,
        0.01622290708,
        0.017297824080000003,
        0.01604124108,
        0.01716086508,
        0.01814907408,
        0.017486657080000002,
        0.015689157080000002,
        0.015635949080000003,
        0.016257615080000003,
        0.015594657080000001,
        0.016364866080000002,
        0.01508624008,
        0.014480491080000001,
        0.014879949080000003,
        0.016564782080000003,
        0.017295866080000003,
        0.016159199080000002,
        0.01582882408,
        0.015027865080000001,
        0.014529115080000002,
        0.015328782080000002,
        0.015087491080000001,
        0.015189740080000003,
        0.01580807408,
        0.015349616080000003,
        0.015359199080000004,
        0.016214574080000002,
        0.015277324080000002
      ],
      "memory_usage_byte": [
        7225344,
        7225344,
        7225344,
        7225344,
        7225344,
        7225344,
        7225344,
        7225344,
        7225344,
        7225344,
        7225344,
        7225344,
        7225344,
        7258112,
        7258112,
        7258112,
        7258112,
        7258112,
        7258112,
        7258112,
        7258112,
        7258112,
        7258112,
        7258112,
        7258112,
        7258112,
        7258112,
        7258112,
        7258112,
        7258112,
        7258112,
        7258112,
        7258112,
        7258112,
        7258112,
        7258112,
        7258112,
        7258112,
        7258112,
        7258112,
        7258112,
        7258112,
        7258112,
        7258112,
        7258112,
        7258112,
        7258112,
        7258112,
        7258112,
        7258112,
        7258112,
        7258112,
        7258112,
        7258112,
        7258112,
        7258112,
        7258112,
        7258112,
        7258112,
        7258112,
        7258112,
        7258112,
        7258112,
        7258112,
        7258112,
        7258112,
        7258112,
        7258112,
        7258112,
        7258112,
        7258112,
        7258112,
        7258112,
        7258112,
        7258112,
        7258112,
        7258112,
        7258112,
        7258112,
        7258112,
        7258112,
        7258112,
        7258112,
        7258112,
        7258112,
        7258112,
        7258112,
        7258112,
        7258112,
        7258112,
        7258112,
        7258112,
        7258112,
        7258112,
        7258112,
        7258112,
        7258112,
        7258112,
        7258112,
        7258112,
        7258112,
        7258112,
        7258112,
        7258112,
        7258112,
        7258112,
        7258112,
        7258112,
        7258112,
        7258112,
        7258112,
        7258112,
        7258112,
        7258112,
        7258112,
        7258112,
        7258112,
        7258112,
        7258112,
        7258112,
        7258112,
        7258112,
        7258112,
        7258112,
        7258112,
        7258112,
        7258112,
        7258112,
        7258112,
        7258112,
        7258112,
        7258112,
        7258112,
        7258112,
        7258112,
        7258112
      ],